,,Trichoptera,Ephemeroptera,Trichoptera,Plecoptera,Amphipoda,Trichoptera,Ephemeroptera,Trichoptera,Trichoptera,Turbellaria,Coleoptera,Trichoptera,Trichoptera,Trichoptera,Proseriata,Megaloptera,Trichoptera,Coleoptera,Lumbriculida,Gastropoda,Diptera,Amphipoda,Diptera,Amphipoda,Gastropoda,Lumbricida,Gastropoda,Trichoptera,Gastropoda,Trichoptera,Polychaeta,Bivalvia,Gastropoda,Plecoptera,Diptera,Hirudinea,Gastropoda,Hirudinea,Isopoda,Gastropoda,Diptera,Odonata,Bivalvia,Hirudinea,Amphipoda,Tubificida,Gastropoda,Bivalvia,Hoplonemertea,Gastropoda,Tubificida,Tubificida,Parachela,Hirudinea
,Reference,Brachycentridae,Ephemerellidae,Lepidostomatidae,Nemouridae,Pontoporeiidae,Apataniidae,Ephemeridae,Helicopsychidae,Limnephilidae,Dugesiidae,Elmidae,Hydroptilidae,Leptoceridae,Phryganeidae,Plagiostomidae,Sialidae,Dipseudopsidae,Haliplidae,Lumbriculidae,Ancylidae,Ceratopogonidae,Crangonyctidae,Empididae,Gammaridae,Hydrobiidae,Lumbricidae,Lymnaeidae,Molannidae,Pleuroceridae,Polycentropodidae,Sabellidae,Unionidae,Viviparidae,Caenidae,Chironomidae,Erpobdellidae,Planorbidae,Aeolosomatidae,Asellidae,Bithyniidae,Chaoboridae,Coenagrionidae,Dreissenidae,Glossiphoniidae,Hyalellidae,Naididae,Physidae,Pisidiidae,Tetrastemmatidae,Valvatidae,Tubificidae,Enchytraeidae,Macrobiotidae,Piscicolidae
104-D0,0,0,0,0,0,0,0,120.63,0,0,0,0,0,0,0,0,0,0,0,0,0,0,0,0,0,0,0,0,0,0,0,0,0,0,0,3860.07,0,0,0,0,0,0,0,0,0,0,1869.72,0,0,0,120.63,15319.66,0,0,0
104-D1,0,0,0,0,0,0,0,0,0,0,0,0,0,0,0,0,0,0,0,0,0,0,0,0,0,0,0,0,0,0,0,0,0,0,0,6755.13,0,0,0,0,0,0,0,0,0,0,3272.01,0,0,0,211.1,26809.41,0,0,0
104-D2,0,0,0,0,0,0,0,0,0,0,0,0,0,0,0,0,0,0,0,0,0,0,0,0,0,0,0,0,0,0,0,0,0,0,0,2895.05,0,0,0,0,0,0,0,0,0,0,0,0,0,0,90.47,11489.75,0,0,0
104-D3,0,0,0,0,0,0,0,0,0,0,0,0,0,0,0,0,0,0,0,0,0,0,0,0,0,0,0,0,0,0,0,0,0,0,0,1930.04,0,0,0,0,0,0,0,0,0,0,934.86,0,0,0,0,7659.83,0,0,0
105-T,1,0,0,0,0,0,0,0,0,0,0,0,0,0,0,0,0,0,0,0,0,0,0,0,0,0,0,0,0,0,0,0,0,0,0,8745.48,0,0,0,0,0,0,0,0,0,0,2050.66,0,0,0,0,11338.96,0,0,0
106-T,1,0,0,0,0,0,0,0,0,0,0,0,0,0,0,0,0,0,0,0,0,0,0,0,0,0,0,0,0,0,0,0,0,0,0,5186.97,0,0,0,0,0,0,0,0,0,0,1507.84,0,0,0,120.63,6453.56,0,0,0
107-T,1,0,0,0,0,0,0,0,0,0,0,0,0,0,0,0,0,0,0,0,0,0,0,0,0,0,0,0,0,0,0,0,0,0,0,663.45,0,0,0,0,0,0,0,120.63,0,0,1568.15,0,0,0,0,3860.07,0,0,0
108-T,1,0,0,0,0,0,0,0,0,0,0,0,0,0,0,0,0,0,0,0,0,0,0,0,0,0,0,0,0,0,0,0,0,60.31,0,4282.27,0,0,0,0,0,0,0,0,60.31,0,1266.59,0,422.2,0,301.57,8564.54,0,0,0
109-T,1,0,0,0,0,60.31,0,0,0,0,0,0,120.63,0,0,0,0,0,0,0,0,0,0,0,120.63,904.7,0,0,0,0,0,0,0,0,60.31,3618.82,0,60.31,0,0,0,0,60.31,5971.05,180.94,1628.47,2955.37,60.31,0,0,60.31,7478.89,0,0,0
110-D0,0,0,0,0,0,0,0,0,0,0,0,0,60.31,542.82,0,0,0,60.31,0,844.39,0,482.51,0,0,0,2110.98,0,0,0,0,0,965.02,0,0,0,7659.83,60.31,0,0,0,0,0,0,1507.84,0,1628.47,2593.49,0,120.63,422.2,5006.03,7056.69,0,0,0
110-D1,0,0,0,0,0,0,0,0,0,0,0,0,0,0,0,0,0,60.31,0,844.39,0,482.51,0,0,0,2110.98,0,0,0,0,0,965.02,0,0,0,13404.7,105.55,0,0,0,0,0,0,2638.72,0,2849.82,4538.6,0,211.1,738.84,8760.56,12349.22,0,0,0
110-D2,0,0,0,0,0,0,0,0,0,0,0,0,0,135.71,0,0,0,0,0,422.2,0,241.25,0,0,0,1055.49,0,0,0,0,0,482.51,0,0,0,5744.87,45.24,0,0,0,0,0,0,1130.88,0,0,1945.11,0,90.47,316.65,3754.52,5292.52,0,0,0
110-D3,0,0,0,0,0,0,0,0,0,0,0,0,0,0,0,0,0,15.08,0,211.1,0,0,0,0,0,0,0,0,0,0,0,0,0,0,0,3829.92,30.16,0,0,0,0,0,0,0,0,814.23,0,0,60.31,211.1,2503.02,3528.35,0,0,0
112-T,1,0,0,0,0,0,0,0,0,0,0,0,0,0,0,0,0,0,0,0,0,0,0,0,0,0,0,0,0,0,0,0,0,0,0,1749.1,0,0,0,301.57,0,0,0,0,422.2,0,542.82,0,482.51,0,0,12303.98,0,0,0
113-T,1,0,0,0,0,0,0,0,0,0,0,0,0,0,0,0,0,0,0,0,0,0,0,0,0,180.94,0,0,0,0,0,904.7,0,0,0,12545.24,60.31,0,0,1145.96,0,0,0,241.25,180.94,0,1085.65,0,2352.23,0,422.2,10796.14,0,0,0
114-D0,0,0,0,0,0,0,0,0,0,0,0,0,0,0,0,0,0,0,0,0,0,0,0,0,0,0,0,0,0,0,0,0,0,0,0,3860.07,0,542.82,0,0,0,0,0,4282.27,0,0,0,0,2593.49,0,0,17129.07,0,0,0
114-D1,0,0,0,0,0,0,0,0,0,0,0,0,0,0,0,0,0,0,0,0,0,0,0,0,0,0,0,0,0,0,0,0,0,0,0,6755.13,0,949.94,0,0,0,0,0,7493.97,0,0,0,0,4538.6,0,0,29975.87,0,0,0
114-D2,0,0,0,0,0,0,0,0,0,0,0,0,0,0,0,0,0,0,0,0,0,0,0,0,0,0,0,0,0,0,0,0,0,0,0,2895.05,0,0,0,0,0,0,0,3211.7,0,0,0,0,1945.11,0,0,12846.8,0,0,0
114-D3,0,0,0,0,0,0,0,0,0,0,0,0,0,0,0,0,0,0,0,0,0,0,0,0,0,0,0,0,0,0,0,0,0,0,0,1930.04,0,271.41,0,0,0,0,0,2141.13,0,0,0,0,0,0,0,8564.54,0,0,0
115-D0,0,0,0,0,0,0,0,0,0,0,0,0,0,0,0,0,0,0,0,0,0,0,0,0,0,60.31,0,0,0,0,0,4101.33,0,0,0,9227.99,0,0,0,301.57,0,0,0,120.63,241.25,0,241.25,0,603.14,0,723.76,8383.59,0,0,0
115-D1,0,0,0,0,0,0,0,0,0,0,0,0,0,0,0,0,0,0,0,0,0,0,0,0,0,60.31,0,0,0,0,0,0,0,0,0,16148.97,0,0,0,527.74,0,0,0,211.1,422.2,0,422.2,0,1055.49,0,1266.59,14671.29,0,0,0
115-D2,0,0,0,0,0,0,0,0,0,0,0,0,0,0,0,0,0,0,0,0,0,0,0,0,0,30.16,0,0,0,0,0,2050.66,0,0,0,6920.99,0,0,0,226.18,0,0,0,0,180.94,0,180.94,0,452.35,0,542.82,6287.7,0,0,0
115-D3,0,0,0,0,0,0,0,0,0,0,0,0,0,0,0,0,0,0,0,0,0,0,0,0,0,0,0,0,0,0,0,1025.33,0,0,0,4613.99,0,0,0,0,0,0,0,60.31,120.63,0,120.63,0,0,0,361.88,4191.8,0,0,0
1201-T,1,0,0,0,0,0,0,0,0,0,0,0,0,0,0,0,0,0,0,241.25,0,0,0,0,0,0,0,0,0,0,0,0,0,0,0,603.14,0,0,0,0,0,0,0,0,0,0,180.94,0,0,0,0,2291.92,180.94,0,0
1203-D0,0,0,0,0,0,0,0,60.31,0,0,0,0,0,0,0,0,0,0,0,0,0,0,0,0,2050.66,0,0,0,0,0,0,0,0,0,0,5066.35,0,0,0,0,0,0,0,0,0,0,180.94,0,1387.21,0,0,4161.64,0,0,0
1203-D1,0,0,0,0,0,0,0,0,0,0,0,0,0,0,0,0,0,0,0,0,0,0,0,0,2050.66,0,0,0,0,0,0,0,0,0,0,8866.1,0,0,0,0,0,0,0,0,0,0,316.65,0,2427.62,0,0,7282.87,0,0,0
1203-D2,0,0,0,0,0,0,0,0,0,0,0,0,0,0,0,0,0,0,0,0,0,0,0,0,1025.33,0,0,0,0,0,0,0,0,0,0,3799.76,0,0,0,0,0,0,0,0,0,0,135.71,0,1040.41,0,0,3121.23,0,0,0
1203-D3,0,0,0,0,0,0,0,0,0,0,0,0,0,0,0,0,0,0,0,0,0,0,0,0,0,0,0,0,0,0,0,0,0,0,0,0,0,0,0,0,0,0,0,0,0,0,90.47,0,693.61,0,0,2080.82,0,0,0
1206-T,1,0,0,0,0,0,0,0,0,0,0,0,0,0,0,0,0,0,0,0,0,0,0,0,0,0,0,0,0,0,0,0,0,0,0,482.51,0,0,0,0,0,0,0,0,0,0,0,0,663.45,0,0,2895.05,60.31,0,0
1207-D0,0,0,0,0,0,0,0,361.88,0,0,0,0,0,0,0,0,0,0,0,0,0,180.94,0,0,0,0,0,0,0,0,0,0,0,0,0,7418.58,0,0,0,0,0,361.88,0,0,0,0,2955.37,0,0,0,0,2291.92,0,0,0
1207-D1,0,0,0,0,0,0,0,0,0,0,0,0,0,0,0,0,0,0,0,0,0,180.94,0,0,0,0,0,0,0,0,0,0,0,0,0,12982.51,0,0,0,0,0,633.29,0,0,0,0,5171.89,0,0,0,0,4010.86,0,0,0
1207-D2,0,0,0,0,0,0,0,0,0,0,0,0,0,0,0,0,0,0,0,0,0,90.47,0,0,0,0,0,0,0,0,0,0,0,0,0,5563.93,0,0,0,0,0,271.41,0,0,0,0,2216.53,0,0,0,0,1718.94,0,0,0
1207-D3,0,0,0,0,0,0,0,0,0,0,0,0,0,0,0,0,0,0,0,0,0,0,0,0,0,0,0,0,0,0,0,0,0,0,0,3709.29,0,0,0,0,0,0,0,0,0,0,1477.68,0,0,0,0,1145.96,0,0,0
1208-D0,0,0,0,0,0,0,0,0,0,0,0,0,0,120.63,0,0,0,0,0,0,0,0,0,0,120.63,0,0,0,0,0,0,904.7,0,0,0,0,0,0,0,120.63,0,120.63,0,0,0,0,1568.15,0,3196.62,0,241.25,844.39,0,0,0
1208-D1,0,0,0,0,0,0,0,0,0,0,0,0,0,0,0,0,0,0,0,0,0,0,0,0,120.63,0,0,0,0,0,0,904.7,0,0,0,0,0,0,0,211.1,0,211.1,0,0,0,0,2744.27,0,5594.09,0,422.2,1477.68,0,0,0
1208-D2,0,0,0,0,0,0,0,0,0,0,0,0,0,0,0,0,0,0,0,0,0,0,0,0,60.31,0,0,0,0,0,0,452.35,0,0,0,0,0,0,0,90.47,0,90.47,0,0,0,0,1176.12,0,0,0,180.94,633.29,0,0,0
1208-D3,0,0,0,0,0,0,0,0,0,0,0,0,0,0,0,0,0,0,0,0,0,0,0,0,30.16,0,0,0,0,0,0,0,0,0,0,0,0,0,0,60.31,0,60.31,0,0,0,0,0,0,1598.31,0,120.63,422.2,0,0,0
1210-T,1,0,0,0,0,723.76,0,0,0,0,0,0,0,0,0,0,0,0,0,0,0,0,0,0,0,0,0,0,0,0,0,723.76,0,0,0,1568.15,0,0,0,120.63,0,180.94,0,0,0,0,60.31,0,1326.9,0,0,482.51,0,0,0
1211-T,1,0,0,0,0,0,0,0,0,0,0,0,0,0,0,0,0,0,0,0,0,0,0,0,0,0,0,0,0,0,0,60.31,0,0,0,2472.86,0,0,0,0,0,784.08,0,0,0,0,180.94,0,1266.59,0,0,1447.53,0,0,0
1212-T,1,0,0,0,0,60.31,0,0,0,0,0,0,0,0,0,0,0,0,0,0,0,0,0,0,0,0,0,0,0,0,0,663.45,0,0,0,723.76,0,0,0,0,0,180.94,0,0,0,0,0,0,663.45,0,0,120.63,0,0,0
1213-D0,0,0,0,0,0,0,0,120.63,0,0,0,0,0,0,0,0,0,0,0,0,0,0,0,0,0,0,0,0,0,0,0,1085.65,0,0,0,301.57,0,0,0,0,0,723.76,0,0,0,0,120.63,0,0,0,0,1930.04,0,0,0
1213-D1,0,0,0,0,0,0,0,0,0,0,0,0,0,0,0,0,0,0,0,0,0,0,0,0,0,0,0,0,0,0,0,1085.65,0,0,0,527.74,0,0,0,0,0,1266.59,0,0,0,0,211.1,0,0,0,0,3377.56,0,0,0
1213-D2,0,0,0,0,0,0,0,0,0,0,0,0,0,0,0,0,0,0,0,0,0,0,0,0,0,0,0,0,0,0,0,542.82,0,0,0,226.18,0,0,0,0,0,542.82,0,0,0,0,90.47,0,0,0,0,1447.53,0,0,0
1213-D3,0,0,0,0,0,0,0,0,0,0,0,0,0,0,0,0,0,0,0,0,0,0,0,0,0,0,0,0,0,0,0,0,0,0,0,150.78,0,0,0,0,0,361.88,0,0,0,0,0,0,0,0,0,965.02,0,0,0
1214-T,1,0,0,0,0,301.57,0,422.2,0,0,0,0,0,60.31,0,0,0,0,0,0,0,0,0,0,0,0,0,0,0,0,0,422.2,0,0,0,542.82,0,0,0,0,0,361.88,0,0,0,0,301.57,0,180.94,0,0,4161.64,0,0,0
1215-T,1,0,0,0,0,0,0,0,0,0,0,0,0,180.94,0,0,0,0,0,0,0,120.63,0,0,120.63,180.94,0,0,0,0,0,1507.84,0,0,0,5428.23,0,0,0,0,0,361.88,0,0,0,0,422.2,0,1869.72,0,120.63,361.88,0,0,0
1216-T,1,0,0,0,0,0,0,0,0,0,0,0,0,0,0,0,0,0,0,0,0,0,0,0,120.63,120.63,0,0,0,0,0,2050.66,60.31,0,0,1749.1,0,180.94,0,120.63,0,0,0,0,0,0,241.25,0,784.08,0,663.45,1447.53,0,0,0
1302-T,1,0,0,0,0,0,0,60.31,0,0,60.31,0,120.63,361.88,0,120.63,0,0,0,0,0,1025.33,0,0,6574.19,180.94,0,0,0,0,0,0,0,0,0,12303.98,0,120.63,0,60.31,422.2,0,0,1869.72,0,0,301.57,120.63,0,0,603.14,3980.7,0,0,0
1303-D0,0,0,0,0,0,0,0,60.31,0,0,120.63,0,0,482.51,0,120.63,0,0,0,0,0,120.63,0,0,60.31,120.63,0,0,0,0,0,0,0,0,0,5910.74,0,0,0,0,60.31,0,0,542.82,0,0,0,0,301.57,0,482.51,3076,0,0,0
1303-D1,0,0,0,0,0,0,0,45.24,0,0,0,0,0,361.88,0,90.47,0,0,0,0,0,120.63,0,0,60.31,120.63,0,0,0,0,0,0,0,0,0,10343.79,0,0,0,0,105.55,0,0,949.94,0,0,0,0,527.74,0,844.39,5382.99,0,0,0
1303-D2,0,0,0,0,0,0,0,0,0,0,0,0,0,120.63,0,30.16,0,0,0,0,0,60.31,0,0,30.16,60.31,0,0,0,0,0,0,0,0,0,4433.05,0,0,0,0,45.24,0,0,407.12,0,0,0,0,226.18,0,361.88,0,0,0,0
1303-D3,0,0,0,0,0,0,0,0,0,0,0,0,0,0,0,0,0,0,0,0,0,0,0,0,15.08,0,0,0,0,0,0,0,0,0,0,2955.37,0,0,0,0,30.16,0,0,271.41,0,0,0,0,150.78,0,241.25,0,0,0,0
1304-T,1,0,0,0,0,0,0,0,0,0,361.88,0,0,180.94,0,361.88,0,0,0,0,0,0,0,0,542.82,1568.15,0,0,0,0,0,241.25,0,0,0,2050.66,0,0,0,482.51,0,0,0,7539.2,60.31,0,241.25,0,60.31,0,3739.45,3317.25,0,0,0
1305-T,1,0,0,0,0,0,0,0,0,0,0,0,0,0,0,0,0,0,0,0,0,0,0,0,0,0,0,0,0,0,0,120.63,0,0,0,180.94,0,0,0,0,0,180.94,0,0,60.31,0,180.94,60.31,5669.48,0,422.2,1507.84,0,0,0
1306-T,1,0,0,0,0,4402.9,0,0,0,0,0,0,0,0,0,0,0,0,0,0,0,0,0,0,0,0,0,0,0,0,0,0,0,0,0,1568.15,0,0,0,1688.78,0,0,0,0,482.51,0,0,0,60.31,0,0,663.45,0,0,0
1307-T,1,0,0,0,0,0,0,0,0,0,0,0,0,0,0,0,0,0,0,0,0,0,0,0,60.31,0,0,0,0,0,0,0,0,0,0,422.2,0,0,0,0,0,0,0,7418.58,0,0,0,0,180.94,0,120.63,1206.27,0,0,0
1309-T,1,0,0,0,0,0,0,0,0,0,0,0,0,0,0,0,0,0,0,60.31,0,0,0,0,0,0,0,0,0,0,0,0,0,0,0,60.31,0,0,0,0,0,0,0,0,0,0,301.57,0,4885.4,0,241.25,2291.92,0,60.31,0
1310-T,1,0,0,0,0,0,0,0,0,0,0,0,0,0,0,120.63,0,0,0,0,0,180.94,0,0,482.51,0,0,0,0,0,0,1628.47,0,0,0,4402.9,0,0,0,0,0,723.76,0,1387.21,0,0,603.14,0,1568.15,0,120.63,7177.32,0,0,0
1311-T,1,0,0,0,0,0,0,0,0,0,2533.17,0,542.82,1869.72,0,965.02,0,60.31,0,60.31,723.76,904.7,0,0,8805.79,1930.04,0,60.31,0,0,0,0,0,0,0,6151.99,0,3558.5,0,3498.19,0,0,0,155006.03,180.94,0,422.2,361.88,0,0,482.51,9469.24,1990.35,0,0
1312-T,1,0,0,0,0,0,0,0,0,0,0,0,0,37.11,0,24.74,0,0,0,0,0,148.42,0,0,74.21,6.18,0,0,0,0,0,30.92,0,0,0,902.91,0,0,0,0,0,61.84,0,235,0,0,30.92,0,643.17,0,80.4,482.37,0,0,0
1313-D0,0,0,0,0,0,0,0,0,0,0,0,0,0,0,0,60.31,0,0,0,0,0,0,0,0,844.39,180.94,0,0,0,0,0,180.94,0,0,0,2171.29,0,0,0,0,0,60.31,0,3799.76,0,0,180.94,0,0,0,120.63,3498.19,0,0,0
1313-D1,0,0,0,0,0,0,0,0,0,0,0,0,0,0,0,0,0,0,0,0,0,0,0,0,844.39,180.94,0,0,0,0,0,180.94,0,0,0,3799.76,0,0,0,0,0,105.55,0,6649.58,0,0,316.65,0,0,0,211.1,6121.83,0,0,0
1313-D2,0,0,0,0,0,0,0,0,0,0,0,0,0,0,0,0,0,0,0,0,0,0,0,0,422.2,90.47,0,0,0,0,0,0,0,0,0,1628.47,0,0,0,0,0,45.24,0,2849.82,0,0,135.71,0,0,0,90.47,0,0,0,0
1313-D3,0,0,0,0,0,0,0,0,0,0,0,0,0,0,0,0,0,0,0,0,0,0,0,0,0,45.24,0,0,0,0,0,0,0,0,0,1085.65,0,0,0,0,0,0,0,1899.88,0,0,90.47,0,0,0,60.31,1749.1,0,0,0
1315-T,1,0,0,0,0,0,0,0,0,0,0,0,0,0,0,0,0,0,0,784.08,0,0,0,0,0,0,0,0,0,0,0,0,0,0,0,8504.22,0,0,0,7177.32,0,0,0,0,0,0,60.31,0,24487.33,0,301.57,3076,0,0,0
1316-T,1,0,0,0,0,0,0,0,0,0,0,0,0,0,0,0,0,0,0,2171.29,0,0,0,0,0,0,0,663.45,0,0,0,361.88,0,0,0,1869.72,0,0,0,60.31,120.63,0,0,0,0,0,422.2,422.2,8624.85,0,1085.65,8805.79,0,0,0
1317-T,1,0,0,0,0,0,0,0,0,0,0,0,0,0,0,0,0,0,0,0,0,0,0,0,361.88,1145.96,0,0,0,0,0,60.31,0,0,0,4644.15,0,0,0,0,0,0,0,39746.68,0,0,241.25,0,120.63,0,241.25,1688.78,0,0,0
1318-T,1,0,0,0,0,0,0,0,0,0,663.45,0,0,60.31,0,241.25,0,0,0,0,180.94,0,0,0,844.39,361.88,0,0,0,0,0,180.94,0,0,0,4402.9,0,60.31,0,1085.65,0,0,0,19903.5,0,0,0,0,603.14,0,120.63,8866.1,0,0,0
1320-T,1,0,0,0,0,0,0,0,0,0,0,0,0,0,0,0,120.63,0,0,0,0,0,0,0,0,0,0,0,0,0,0,0,0,0,0,6634.5,0,0,0,0,0,0,0,0,0,0,2352.23,0,1507.84,0,0,15621.23,0,0,0
1321-T,1,0,0,0,0,0,0,0,0,0,0,0,0,0,0,0,0,0,0,0,0,0,0,0,0,0,0,0,0,0,0,0,0,0,0,1162.65,0,0,0,0,0,0,0,0,0,0,395.79,0,30.92,0,0,1094.62,0,0,0
1322-T,1,0,0,0,0,0,0,0,0,0,0,0,0,0,0,0,0,0,0,0,0,241.25,0,0,0,60.31,0,0,0,0,0,0,0,0,0,14837.15,0,0,0,0,0,0,0,0,0,0,3980.7,0,0,0,0,3558.5,0,0,0
1327-T,1,1025.33,0,0,0,0,0,0,0,0,0,0,0,0,0,0,0,0,0,0,0,0,0,60.31,120.63,60.31,0,0,0,120.63,0,0,0,0,0,57720.14,0,0,0,0,0,0,0,120.63,0,60.31,1085.65,0,120.63,60.31,0,5126.66,60.31,0,0
1331-T,1,0,0,0,0,0,0,0,0,0,0,0,0,0,0,0,60.31,0,0,0,0,60.31,0,0,0,0,0,0,0,0,0,0,0,0,0,5488.54,0,0,0,0,0,0,0,60.31,0,0,663.45,0,60.31,0,0,3076,0,0,0
1332-T,1,0,0,0,0,0,0,0,0,0,0,0,0,0,0,0,0,0,0,0,0,0,0,0,0,0,0,0,0,0,0,60.31,0,0,0,10253.32,0,0,0,0,0,0,0,0,0,0,3860.07,0,0,60.31,0,6694.81,0,0,0
1403-D0,0,0,0,0,0,0,0,60.31,0,0,0,0,0,0,0,0,0,0,120.63,0,361.88,542.82,60.31,0,0,603.14,0,0,0,0,120.63,0,0,0,0,8624.85,0,241.25,0,3317.25,0,0,0,0,0,0,3980.7,0,542.82,0,2593.49,2895.05,784.08,0,0
1403-D1,0,0,0,0,0,0,0,0,0,0,0,0,0,0,0,0,0,0,0,0,361.88,542.82,60.31,0,0,603.14,0,0,0,0,120.63,0,0,0,0,15093.49,0,422.2,0,5805.19,0,0,0,0,0,0,6966.22,0,949.94,0,4538.6,5066.35,1372.14,0,0
1403-D2,0,0,0,0,0,0,0,0,0,0,0,0,0,0,0,0,0,0,60.31,0,180.94,271.41,0,0,0,301.57,0,0,0,0,60.31,0,0,0,0,6468.64,0,180.94,0,2487.94,0,0,0,0,0,0,0,0,407.12,0,1945.11,2171.29,588.06,0,0
1403-D3,0,0,0,0,0,0,0,0,0,0,0,0,0,0,0,0,0,0,0,0,0,135.71,15.08,0,0,150.78,0,0,0,0,0,0,0,0,0,4312.42,0,120.63,0,0,0,0,0,0,0,0,1990.35,0,271.41,0,1296.74,1447.53,0,0,0
1405-T,1,0,0,0,0,0,0,0,0,0,0,0,0,0,0,0,0,0,0,0,0,120.63,0,0,0,0,0,0,0,0,0,0,0,0,60.31,4523.52,0,0,0,0,0,0,0,0,0,0,603.14,0,482.51,0,0,1447.53,0,0,0
1406-D0,0,0,0,0,0,0,0,482.51,0,0,0,0,0,0,0,0,0,0,0,0,0,0,0,0,0,0,0,0,0,0,0,0,0,0,0,361.88,0,0,0,0,0,0,0,0,0,0,361.88,0,0,0,0,0,0,0,0
1406-D1,0,0,0,0,0,0,0,361.88,0,0,0,0,0,0,0,0,0,0,0,0,0,0,0,0,0,0,0,0,0,0,0,0,0,0,0,633.29,0,0,0,0,0,0,0,0,0,0,633.29,0,0,0,0,0,0,0,0
1406-D2,0,0,0,0,0,0,0,0,0,0,0,0,0,0,0,0,0,0,0,0,0,0,0,0,0,0,0,0,0,0,0,0,0,0,0,271.41,0,0,0,0,0,0,0,0,0,0,271.41,0,0,0,0,0,0,0,0
1406-D3,0,0,0,0,0,0,0,0,0,0,0,0,0,0,0,0,0,0,0,0,0,0,0,0,0,0,0,0,0,0,0,0,0,0,0,180.94,0,0,0,0,0,0,0,0,0,0,180.94,0,0,0,0,0,0,0,0
1407-T,1,0,0,0,0,0,0,228.82,0,0,0,0,0,18.55,0,0,0,0,0,228.82,0,12.37,0,0,6.18,92.76,0,0,0,0,129.87,12.37,0,0,0,371.06,0,37.11,0,0,0,0,0,123.69,6.18,74.21,74.21,24.74,86.58,0,216.45,1898.58,0,0,0
1408-T,1,0,0,0,0,0,0,60.31,0,0,0,0,0,0,0,0,0,0,0,0,0,0,0,0,241.25,0,0,0,0,0,0,180.94,0,0,0,1145.96,0,60.31,0,482.51,0,0,0,0,0,0,542.82,0,301.57,0,241.25,361.88,0,0,0
1410-D0,0,0,0,0,0,120.63,0,0,0,0,0,0,0,120.63,0,0,0,0,0,0,0,60.31,0,0,0,60.31,0,0,0,0,0,0,0,0,0,11158.02,0,120.63,0,2774.43,0,0,0,0,0,0,723.76,0,3437.88,0,723.76,6091.68,0,0,0
1410-D1,0,0,0,0,0,90.47,0,0,0,0,0,0,0,0,0,0,0,0,0,0,0,60.31,0,0,0,60.31,0,0,0,0,0,0,0,0,0,19526.54,0,211.1,0,4855.25,0,0,0,0,0,0,1266.59,0,6016.28,0,1266.59,10660.43,0,0,0
1410-D2,0,0,0,0,0,30.16,0,0,0,0,0,0,0,0,0,0,0,0,0,0,0,30.16,0,0,0,30.16,0,0,0,0,0,0,0,0,0,8368.52,0,90.47,0,2080.82,0,0,0,0,0,0,542.82,0,2578.41,0,0,4568.76,0,0,0
1410-D3,0,0,0,0,0,0,0,0,0,0,0,0,0,0,0,0,0,0,0,0,0,0,0,0,0,15.08,0,0,0,0,0,0,0,0,0,5579.01,0,60.31,0,1387.21,0,0,0,0,0,0,361.88,0,0,0,361.88,3045.84,0,0,0
1412-T,1,0,0,0,0,1568.15,0,0,0,0,0,0,0,0,0,0,0,0,0,0,0,0,0,0,0,0,0,0,0,0,0,60.31,0,0,0,2352.23,0,0,0,180.94,0,241.25,0,0,60.31,0,60.31,0,3076,0,120.63,663.45,0,0,0
1413-D0,0,0,0,0,0,1085.65,0,60.31,0,0,0,0,0,120.63,0,0,0,0,0,0,0,120.63,0,0,60.31,0,0,0,0,0,0,844.39,0,0,0,2352.23,0,0,0,0,0,844.39,0,0,60.31,0,60.31,0,1568.15,0,120.63,4101.33,0,0,0
1413-D1,0,0,0,0,0,0,0,45.24,0,0,0,0,0,90.47,0,0,0,0,0,0,0,120.63,0,0,60.31,0,0,0,0,0,0,844.39,0,0,0,4116.41,0,0,0,0,0,1477.68,0,0,105.55,0,105.55,0,2744.27,0,211.1,7177.32,0,0,0
1413-D2,0,0,0,0,0,0,0,0,0,0,0,0,0,30.16,0,0,0,0,0,0,0,60.31,0,0,0,0,0,0,0,0,0,422.2,0,0,0,0,0,0,0,0,0,633.29,0,0,45.24,0,45.24,0,1176.12,0,90.47,3076,0,0,0
1413-D3,0,0,0,0,0,0,0,0,0,0,0,0,0,0,0,0,0,0,0,0,0,0,0,0,15.08,0,0,0,0,0,0,0,0,0,0,0,0,0,0,0,0,422.2,0,0,30.16,0,30.16,0,784.08,0,60.31,2050.66,0,0,0
1414-D0,0,0,0,0,0,0,0,120.63,0,0,0,0,0,0,0,0,0,0,0,0,0,0,0,0,0,60.31,0,0,0,0,0,0,0,0,0,2895.05,0,0,0,60.31,0,60.31,0,0,0,0,120.63,0,1206.27,0,0,60.31,0,0,0
1414-D1,0,0,0,0,0,0,0,0,0,0,0,0,0,0,0,0,0,0,0,0,0,0,0,0,0,60.31,0,0,0,0,0,0,0,0,0,5066.35,0,0,0,105.55,0,105.55,0,0,0,0,211.1,0,2110.98,0,0,105.55,0,0,0
1414-D2,0,0,0,0,0,0,0,0,0,0,0,0,0,0,0,0,0,0,0,0,0,0,0,0,0,30.16,0,0,0,0,0,0,0,0,0,2171.29,0,0,0,45.24,0,45.24,0,0,0,0,0,0,904.7,0,0,45.24,0,0,0
1414-D3,0,0,0,0,0,0,0,0,0,0,0,0,0,0,0,0,0,0,0,0,0,0,0,0,0,0,0,0,0,0,0,0,0,0,0,1447.53,0,0,0,30.16,0,30.16,0,0,0,0,0,0,603.14,0,0,30.16,0,0,0
1415-T,1,0,0,0,0,1628.47,0,60.31,0,0,0,0,0,0,0,0,0,0,0,60.31,0,0,0,0,0,0,0,0,0,0,0,120.63,0,0,0,5066.35,0,60.31,0,0,0,0,0,0,0,0,844.39,60.31,1387.21,0,0,1085.65,0,0,0
1500-T,1,0,0,0,0,0,0,0,0,0,0,0,241.25,60.31,0,0,0,0,0,0,0,0,0,0,241.25,603.14,0,120.63,0,0,0,0,0,0,0,10615.2,0,1507.84,0,2291.92,0,0,0,0,0,0,4825.09,60.31,1809.41,0,542.82,1145.96,0,0,0
1501-T,1,0,0,0,0,482.51,0,0,0,0,0,0,0,0,0,0,0,0,0,0,0,0,0,0,0,0,0,0,0,0,0,0,0,0,0,7840.77,0,0,0,0,0,0,0,0,0,0,1990.35,0,2472.86,0,0,542.82,0,0,0
1502-T,1,0,0,0,0,5850.42,0,0,0,0,0,0,0,0,0,0,0,0,0,0,0,0,0,0,0,0,0,0,0,0,0,0,0,0,0,723.76,60.31,180.94,0,0,0,0,0,0,0,0,0,0,1568.15,0,0,180.94,0,0,0
1503-T,1,0,0,0,0,7780.46,0,0,0,0,0,0,0,0,0,0,0,0,0,0,0,0,0,0,0,0,0,0,0,0,0,0,0,0,0,1869.72,0,0,0,0,0,0,0,0,0,0,60.31,0,4282.27,0,361.88,60.31,0,0,0
1504-T,1,0,0,0,0,2533.17,0,60.31,0,0,0,0,0,0,0,0,0,0,0,0,0,0,0,0,0,0,0,0,0,0,0,0,0,0,0,2050.66,0,0,0,0,0,0,0,0,0,0,180.94,0,1628.47,0,0,1085.65,0,0,0
1505-T,1,0,0,0,0,4583.84,0,0,0,0,0,0,0,0,0,0,0,0,0,0,0,0,0,0,0,0,0,0,0,0,0,0,0,0,0,1568.15,0,0,0,0,0,0,0,0,0,0,60.31,0,1809.41,0,60.31,120.63,0,0,0
1507-T,1,0,0,0,0,0,0,60.31,0,0,0,0,0,60.31,0,0,0,0,0,0,0,0,0,0,784.08,1447.53,0,0,0,0,0,0,0,0,0,5609.17,0,784.08,0,8564.54,0,0,0,0,0,0,60.31,0,1025.33,0,542.82,3558.5,0,0,0
1508-D0,0,0,0,0,0,1930.04,0,120.63,0,0,0,0,0,0,0,0,0,0,0,0,0,0,0,0,0,0,0,0,0,0,0,542.82,0,0,0,3799.76,0,0,0,0,0,0,0,0,60.31,0,482.51,0,2231.6,0,180.94,7599.52,0,0,0
1508-D1,0,0,0,0,0,0,0,90.47,0,0,0,0,0,0,0,0,0,0,0,0,0,0,0,0,0,0,0,0,0,0,0,542.82,0,0,0,6649.58,0,0,0,0,0,0,0,0,105.55,0,844.39,0,3905.31,0,316.65,13299.16,0,0,0
1508-D2,0,0,0,0,0,0,0,30.16,0,0,0,0,0,0,0,0,0,0,0,0,0,0,0,0,0,0,0,0,0,0,0,271.41,0,0,0,2849.82,0,0,0,0,0,0,0,0,45.24,0,0,0,1673.7,0,135.71,5699.64,0,0,0
1508-D3,0,0,0,0,0,0,0,0,0,0,0,0,0,0,0,0,0,0,0,0,0,0,0,0,0,0,0,0,0,0,0,0,0,0,0,1899.88,0,0,0,0,0,0,0,0,30.16,0,241.25,0,1115.8,0,90.47,0,0,0,0
1509-D0,0,0,0,0,0,0,0,0,0,0,0,0,0,0,0,0,0,0,0,0,0,0,0,0,0,0,0,0,0,0,0,120.63,0,0,0,5367.91,0,0,0,0,0,0,0,0,0,0,904.7,0,663.45,0,0,361.88,0,0,0
1509-D1,0,0,0,0,0,0,0,0,0,0,0,0,0,0,0,0,0,0,0,0,0,0,0,0,0,0,0,0,0,0,0,0,0,0,0,9393.85,0,0,0,0,0,0,0,0,0,0,1583.23,0,1161.04,0,0,633.29,0,0,0
1509-D2,0,0,0,0,0,0,0,0,0,0,0,0,0,0,0,0,0,0,0,0,0,0,0,0,0,0,0,0,0,0,0,60.31,0,0,0,4025.93,0,0,0,0,0,0,0,0,0,0,678.53,0,497.59,0,0,271.41,0,0,0
1509-D3,0,0,0,0,0,0,0,0,0,0,0,0,0,0,0,0,0,0,0,0,0,0,0,0,0,0,0,0,0,0,0,0,0,0,0,2683.96,0,0,0,0,0,0,0,0,0,0,0,0,331.72,0,0,180.94,0,0,0
1510-T,1,0,0,0,0,0,0,0,0,0,0,0,0,0,0,0,0,0,0,0,0,0,0,0,0,0,0,0,0,0,0,0,0,0,0,154.61,0,0,0,6.18,0,0,0,315.4,0,0,0,0,0,0,0,117.5,18.55,0,0
1511-T,1,0,0,0,0,0,0,0,0,0,0,0,0,0,0,0,0,0,0,0,0,0,0,0,0,0,0,0,0,0,0,0,0,0,0,2291.92,0,0,0,0,0,120.63,0,0,0,0,0,0,60.31,0,0,844.39,0,0,0
1512-T,1,0,0,0,0,723.76,0,0,0,0,0,0,0,0,0,0,0,0,0,0,0,0,0,0,0,0,0,0,0,0,0,0,0,0,0,482.51,0,0,0,0,0,0,0,0,0,0,0,0,180.94,0,0,60.31,0,0,0
1513-T,1,0,0,0,0,1326.9,0,0,0,0,0,0,0,0,0,0,0,0,0,0,0,60.31,0,0,0,120.63,0,0,0,0,0,0,0,0,0,844.39,0,0,0,0,0,0,0,0,0,0,0,0,361.88,0,422.2,241.25,0,0,0
1514-D0,0,0,0,0,0,5910.74,0,301.57,0,0,0,0,0,0,0,0,0,0,0,0,0,120.63,0,0,0,0,0,0,0,0,0,60.31,0,0,0,7237.64,0,0,0,0,0,0,0,0,0,0,3076,0,1809.41,0,120.63,0,0,0,0
1514-D1,0,0,0,0,0,4433.05,0,0,0,0,0,0,0,0,0,0,0,0,0,0,0,120.63,0,0,0,0,0,0,0,0,0,60.31,0,0,0,12665.86,0,0,0,0,0,0,0,0,0,0,5382.99,0,3166.47,0,211.1,0,0,0,0
1514-D2,0,0,0,0,0,1477.68,0,0,0,0,0,0,0,0,0,0,0,0,0,0,0,60.31,0,0,0,0,0,0,0,0,0,30.16,0,0,0,5428.23,0,0,0,0,0,0,0,0,0,0,2307,0,1357.06,0,90.47,0,0,0,0
1514-D3,0,0,0,0,0,0,0,0,0,0,0,0,0,0,0,0,0,0,0,0,0,30.16,0,0,0,0,0,0,0,0,0,0,0,0,0,3618.82,0,0,0,0,0,0,0,0,0,0,1538,0,0,0,60.31,0,0,0,0
1515-D0,0,0,0,0,0,3618.82,0,0,0,0,0,0,0,0,0,0,0,0,0,0,0,180.94,0,0,0,0,0,0,0,0,0,60.31,0,0,0,22979.49,0,0,0,60.31,0,0,0,0,60.31,0,663.45,0,1387.21,0,60.31,60.31,0,0,0
1515-D1,0,0,0,0,0,0,0,0,0,0,0,0,0,0,0,0,0,0,0,0,0,180.94,0,0,0,0,0,0,0,0,0,60.31,0,0,0,40214.11,0,0,0,105.55,0,0,0,0,105.55,0,1161.04,0,2427.62,0,105.55,105.55,0,0,0
1515-D2,0,0,0,0,0,0,0,0,0,0,0,0,0,0,0,0,0,0,0,0,0,90.47,0,0,0,0,0,0,0,0,0,30.16,0,0,0,17234.62,0,0,0,45.24,0,0,0,0,45.24,0,497.59,0,0,0,45.24,45.24,0,0,0
1515-D3,0,0,0,0,0,0,0,0,0,0,0,0,0,0,0,0,0,0,0,0,0,45.24,0,0,0,0,0,0,0,0,0,0,0,0,0,11489.75,0,0,0,0,0,0,0,0,30.16,0,331.72,0,693.61,0,30.16,30.16,0,0,0
1600-T,1,0,6.18,0,0,0,0,0,0,0,0,6.18,12.37,12.37,0,0,0,0,0,0,0,148.42,0,0,0,0,0,0,0,0,6.18,6.18,0,0,12.37,2708.72,0,0,0,0,0,0,0,371.06,6.18,296.85,179.34,0,0,6.18,0,705.01,24.74,0,0
1601-D0,0,0,0,0,0,0,0,180.94,0,0,0,0,0,0,0,0,0,0,0,0,0,0,0,0,0,0,0,0,0,0,0,0,0,0,0,180.94,0,0,0,0,0,241.25,0,0,60.31,0,60.31,0,0,0,0,784.08,0,0,0
1601-D1,0,0,0,0,0,0,0,0,0,0,0,0,0,0,0,0,0,0,0,0,0,0,0,0,0,0,0,0,0,0,0,0,0,0,0,316.65,0,0,0,0,0,422.2,0,0,105.55,0,105.55,0,0,0,0,1372.14,0,0,0
1601-D2,0,0,0,0,0,0,0,0,0,0,0,0,0,0,0,0,0,0,0,0,0,0,0,0,0,0,0,0,0,0,0,0,0,0,0,0,0,0,0,0,0,180.94,0,0,45.24,0,45.24,0,0,0,0,588.06,0,0,0
1601-D3,0,0,0,0,0,0,0,0,0,0,0,0,0,0,0,0,0,0,0,0,0,0,0,0,0,0,0,0,0,0,0,0,0,0,0,90.47,0,0,0,0,0,120.63,0,0,0,0,30.16,0,0,0,0,392.04,0,0,0
1602-D0,0,0,0,0,0,0,0,361.88,0,0,0,0,0,0,0,0,0,0,0,0,0,0,0,0,60.31,0,0,0,0,0,0,0,0,0,0,663.45,0,0,0,0,0,844.39,0,0,0,0,0,0,120.63,0,0,542.82,0,0,0
1602-D1,0,0,0,0,0,0,0,0,0,0,0,0,0,0,0,0,0,0,0,0,0,0,0,0,60.31,0,0,0,0,0,0,0,0,0,0,1161.04,0,0,0,0,0,1477.68,0,0,0,0,0,0,211.1,0,0,949.94,0,0,0
1602-D2,0,0,0,0,0,0,0,0,0,0,0,0,0,0,0,0,0,0,0,0,0,0,0,0,30.16,0,0,0,0,0,0,0,0,0,0,497.59,0,0,0,0,0,633.29,0,0,0,0,0,0,90.47,0,0,407.12,0,0,0
1602-D3,0,0,0,0,0,0,0,0,0,0,0,0,0,0,0,0,0,0,0,0,0,0,0,0,0,0,0,0,0,0,0,0,0,0,0,0,0,0,0,0,0,422.2,0,0,0,0,0,0,60.31,0,0,271.41,0,0,0
1603-D0,0,0,0,0,0,60.31,0,180.94,0,0,0,0,0,0,0,0,0,0,0,0,0,0,0,0,0,0,0,0,0,0,0,60.31,0,0,0,301.57,0,0,0,0,0,60.31,0,0,0,0,0,0,60.31,0,0,120.63,0,0,0
1603-D1,0,0,0,0,0,45.24,0,0,0,0,0,0,0,0,0,0,0,0,0,0,0,0,0,0,0,0,0,0,0,0,0,60.31,0,0,0,527.74,0,0,0,0,0,105.55,0,0,0,0,0,0,105.55,0,0,211.1,0,0,0
1603-D2,0,0,0,0,0,15.08,0,0,0,0,0,0,0,0,0,0,0,0,0,0,0,0,0,0,0,0,0,0,0,0,0,30.16,0,0,0,226.18,0,0,0,0,0,45.24,0,0,0,0,0,0,45.24,0,0,90.47,0,0,0
1603-D3,0,0,0,0,0,0,0,0,0,0,0,0,0,0,0,0,0,0,0,0,0,0,0,0,0,0,0,0,0,0,0,0,0,0,0,150.78,0,0,0,0,0,30.16,0,0,0,0,0,0,30.16,0,0,0,0,0,0
1604-T,1,0,0,0,0,0,0,0,0,0,0,0,0,0,0,0,0,0,0,0,0,0,0,0,0,0,0,0,0,0,0,0,0,0,0,603.14,0,0,0,0,0,60.31,0,0,0,0,60.31,0,60.31,0,0,180.94,0,0,0
1605-T,1,0,0,0,0,0,0,60.31,0,0,0,0,0,0,0,0,60.31,0,0,0,0,0,0,0,0,0,0,0,0,0,0,0,0,0,0,784.08,0,0,0,0,0,0,0,0,0,0,0,0,120.63,0,0,0,0,0,0
1606-D0,0,0,0,0,0,0,0,361.88,0,0,0,0,0,0,0,0,60.31,0,0,0,0,180.94,0,0,241.25,0,0,0,0,0,0,120.63,0,0,0,2834.74,0,0,0,0,0,120.63,0,0,0,0,0,0,4764.78,0,0,663.45,0,0,0
1606-D1,0,0,0,0,0,0,0,271.41,0,0,0,0,0,0,0,0,0,0,0,0,0,180.94,0,0,241.25,0,0,0,0,0,0,120.63,0,0,0,4960.8,0,0,0,0,0,211.1,0,0,0,0,0,0,8338.36,0,0,1161.04,0,0,0
1606-D2,0,0,0,0,0,0,0,90.47,0,0,0,0,0,0,0,0,0,0,0,0,0,90.47,0,0,120.63,0,0,0,0,0,0,0,0,0,0,2126.06,0,0,0,0,0,90.47,0,0,0,0,0,0,3573.58,0,0,497.59,0,0,0
1606-D3,0,0,0,0,0,0,0,0,0,0,0,0,0,0,0,0,0,0,0,0,0,45.24,0,0,0,0,0,0,0,0,0,0,0,0,0,1417.37,0,0,0,0,0,60.31,0,0,0,0,0,0,0,0,0,331.72,0,0,0
1607-T,1,0,0,0,0,2291.92,0,0,0,0,0,0,0,0,0,0,0,0,0,0,0,0,0,0,0,0,0,0,0,0,0,0,0,0,0,180.94,0,0,0,0,0,0,0,0,0,0,0,0,542.82,0,0,1688.78,0,0,0
1609-D0,0,0,0,0,0,2774.43,0,60.31,0,0,0,0,0,0,0,0,0,0,0,0,0,60.31,0,0,120.63,0,0,0,0,0,0,0,0,0,0,2714.11,0,0,0,542.82,0,0,0,0,0,0,965.02,0,1206.27,0,60.31,904.7,0,0,0
1609-D1,0,0,0,0,0,2080.82,0,0,0,0,0,0,0,0,0,0,0,0,0,0,0,60.31,0,0,120.63,0,0,0,0,0,0,0,0,0,0,4749.7,0,0,0,949.94,0,0,0,0,0,0,1688.78,0,2110.98,0,105.55,1583.23,0,0,0
1609-D2,0,0,0,0,0,693.61,0,0,0,0,0,0,0,0,0,0,0,0,0,0,0,30.16,0,0,60.31,0,0,0,0,0,0,0,0,0,0,2035.59,0,0,0,407.12,0,0,0,0,0,0,723.76,0,904.7,0,0,678.53,0,0,0
1609-D3,0,0,0,0,0,0,0,0,0,0,0,0,0,0,0,0,0,0,0,0,0,15.08,0,0,0,0,0,0,0,0,0,0,0,0,0,1357.06,0,0,0,271.41,0,0,0,0,0,0,482.51,0,603.14,0,30.16,0,0,0,0
1611-T,1,0,0,0,0,0,0,4644.15,0,0,0,0,0,120.63,0,0,241.25,0,0,0,0,1628.47,0,0,0,301.57,0,241.25,0,0,0,7720.14,0,0,0,21893.85,0,542.82,0,0,0,0,0,0,0,0,844.39,241.25,904.7,0,60.31,723.76,0,0,0
1612-T,1,0,0,0,0,0,0,1568.15,0,0,0,0,0,60.31,0,0,0,60.31,0,0,0,301.57,0,0,0,1507.84,0,0,0,0,0,2110.98,0,0,60.31,6634.5,0,0,0,0,0,0,0,0,0,0,60.31,0,1266.59,0,180.94,1628.47,0,0,0
1613-T,1,0,0,0,0,2955.37,0,0,0,0,0,0,0,0,0,0,0,0,0,0,0,0,0,0,0,120.63,0,0,0,0,0,0,0,0,0,0,0,0,0,0,0,0,0,0,0,0,0,0,482.51,0,0,7720.14,60.31,0,0
1614-T,1,0,0,0,0,1809.41,0,0,0,0,0,0,0,0,0,0,0,0,0,0,0,60.31,0,0,0,0,0,0,0,0,0,0,0,0,0,301.57,0,0,0,0,0,0,0,0,0,0,60.31,0,1628.47,0,0,120.63,0,0,0
1615-D0,0,0,0,0,0,2533.17,0,60.31,0,0,0,0,0,0,0,0,0,0,0,0,0,0,0,0,0,0,0,0,0,0,0,60.31,0,0,0,603.14,0,0,0,0,0,0,0,0,0,0,0,0,3076,0,0,663.45,0,0,0
1615-D1,0,0,0,0,0,0,0,45.24,0,0,0,0,0,0,0,0,0,0,0,0,0,0,0,0,0,0,0,0,0,0,0,60.31,0,0,0,1055.49,0,0,0,0,0,0,0,0,0,0,0,0,5382.99,0,0,1161.04,0,0,0
1615-D2,0,0,0,0,0,633.29,0,0,0,0,0,0,0,0,0,0,0,0,0,0,0,0,0,0,0,0,0,0,0,0,0,30.16,0,0,0,452.35,0,0,0,0,0,0,0,0,0,0,0,0,2307,0,0,497.59,0,0,0
1615-D3,0,0,0,0,0,0,0,0,0,0,0,0,0,0,0,0,0,0,0,0,0,0,0,0,0,0,0,0,0,0,0,0,0,0,0,0,0,0,0,0,0,0,0,0,0,0,0,0,1538,0,0,331.72,0,0,0
200-D0,0,0,0,0,0,0,0,0,0,0,0,0,0,0,0,0,0,0,0,0,0,0,0,0,0,0,0,0,0,0,0,0,0,0,0,1447.53,0,0,0,0,0,0,0,6453.56,60.31,0,0,0,0,0,60.31,5910.74,0,0,0
200-D1,0,0,0,0,0,0,0,0,0,0,0,0,0,0,0,0,0,0,0,0,0,0,0,0,0,0,0,0,0,0,0,0,0,0,0,2533.17,0,0,0,0,0,0,0,11293.73,105.55,0,0,0,0,0,105.55,10343.79,0,0,0
200-D2,0,0,0,0,0,0,0,0,0,0,0,0,0,0,0,0,0,0,0,0,0,0,0,0,0,0,0,0,0,0,0,0,0,0,0,1085.65,0,0,0,0,0,0,0,4840.17,45.24,0,0,0,0,0,45.24,0,0,0,0
200-D3,0,0,0,0,0,0,0,0,0,0,0,0,0,0,0,0,0,0,0,0,0,0,0,0,0,0,0,0,0,0,0,0,0,0,0,723.76,0,0,0,0,0,0,0,0,30.16,0,0,0,0,0,30.16,2955.37,0,0,0
2200-T,1,0,0,0,0,0,0,117.5,0,0,0,0,0,0,0,0,0,0,0,0,0,531.85,0,0,0,12.37,0,0,0,0,0,0,0,0,12.37,6277.06,0,0,0,0,0,0,0,0,0,0,2492.27,0,6.18,0,24.74,1422.39,6.18,0,0
2201-T,1,0,0,0,0,0,0,0,0,0,0,0,0,0,0,0,0,0,0,0,0,0,0,0,0,0,0,0,0,0,0,60.31,0,0,0,723.76,0,0,0,0,0,0,0,0,0,0,301.57,0,241.25,0,0,482.51,0,0,0
2202-T,1,0,0,0,0,191.71,0,0,0,0,0,0,0,0,0,0,0,0,0,105.13,0,0,0,0,0,0,0,0,0,0,0,0,0,0,0,43.29,0,0,0,0,0,0,0,0,0,0,6.18,0,24.74,0,0,18.55,0,0,0
2205-T,1,0,0,0,0,1025.33,0,0,0,0,0,0,0,0,0,0,0,0,0,0,0,0,0,0,0,0,0,0,0,0,0,0,0,0,0,784.08,0,0,0,60.31,0,0,0,0,0,0,0,0,784.08,0,0,904.7,60.31,0,0
2208-D0,0,0,0,0,0,0,0,0,0,0,0,0,0,0,0,0,0,0,0,0,0,60.31,0,0,0,0,0,0,0,0,0,0,0,0,0,1447.53,0,0,0,0,0,0,0,0,0,0,301.57,0,361.88,0,0,1930.04,0,0,0
2208-D1,0,0,0,0,0,0,0,0,0,0,0,0,0,0,0,0,0,0,0,0,0,0,0,0,0,0,0,0,0,0,0,0,0,0,0,2533.17,0,0,0,0,0,0,0,0,0,0,527.74,0,633.29,0,0,3377.56,0,0,0
2208-D2,0,0,0,0,0,0,0,0,0,0,0,0,0,0,0,0,0,0,0,0,0,30.16,0,0,0,0,0,0,0,0,0,0,0,0,0,1085.65,0,0,0,0,0,0,0,0,0,0,226.18,0,271.41,0,0,1447.53,0,0,0
2208-D3,0,0,0,0,0,0,0,0,0,0,0,0,0,0,0,0,0,0,0,0,0,0,0,0,0,0,0,0,0,0,0,0,0,0,0,723.76,0,0,0,0,0,0,0,0,0,0,0,0,180.94,0,0,965.02,0,0,0
2400-T,1,0,0,0,0,1145.96,0,0,0,0,0,0,0,0,0,0,0,0,0,0,0,0,0,0,0,0,0,0,0,0,0,0,0,0,0,2291.92,0,0,0,0,0,0,0,0,0,0,0,0,60.31,0,0,60.31,542.82,0,0
2410-T,1,0,0,0,0,1145.96,0,0,0,0,0,0,0,0,0,0,0,0,0,0,0,60.31,0,0,0,0,0,0,0,0,0,0,0,0,0,361.88,0,0,0,0,0,0,0,0,0,0,0,0,784.08,0,0,120.63,180.94,0,0
2414-T,1,0,0,0,0,2412.55,0,0,0,0,0,0,0,0,0,0,0,0,0,542.82,0,0,0,0,0,0,0,0,0,0,0,0,0,0,0,482.51,0,0,0,0,0,0,0,0,0,0,0,0,965.02,0,0,663.45,60.31,0,0
2500-T,1,0,0,0,0,970.93,0,0,0,0,0,0,0,0,0,0,0,0,0,1094.62,0,6.18,0,0,0,0,0,0,0,0,0,0,0,0,0,235,0,0,0,0,0,0,0,0,0,0,0,0,43.29,0,0,117.5,92.76,0,0
2501-T,1,0,0,0,0,538.03,0,0,0,0,0,0,0,0,0,0,0,0,0,0,0,105.13,0,0,0,0,0,0,0,0,0,0,0,0,0,30.92,0,0,0,0,0,0,0,0,0,0,247.37,0,6.18,0,0,5813.23,0,0,0
2502-T,1,0,0,0,0,6513.87,0,0,0,0,0,0,0,0,0,0,0,0,0,965.02,0,0,0,0,0,0,0,0,0,0,0,0,0,0,0,2653.8,0,0,0,0,0,0,0,0,0,0,120.63,0,120.63,0,0,0,1326.9,0,0
2504-T,1,0,0,0,0,1266.59,0,0,0,0,0,0,0,0,0,0,0,0,0,0,0,0,0,0,0,0,0,0,0,0,0,0,0,0,0,723.76,0,0,0,0,0,0,0,0,0,0,0,0,1145.96,0,0,1749.1,0,0,0
2505-T,1,0,0,0,0,148.42,6.18,0,0,0,6.18,0,0,0,0,18.55,0,0,0,470.01,0,0,0,12.37,0,0,0,6.18,0,0,0,0,0,0,0,5034.01,0,6.18,0,296.85,0,0,0,0,0,0,204.08,0,760.67,0,265.92,111.32,61.84,0,0
2506-T,1,0,0,0,0,2533.17,0,0,0,0,0,0,0,0,0,0,0,0,0,241.25,0,0,0,0,0,0,0,0,0,0,0,0,0,0,0,241.25,0,0,0,0,0,0,0,0,0,0,0,0,361.88,0,0,1266.59,0,0,0
2507-T,1,0,0,0,0,1447.53,0,0,0,0,0,0,0,0,0,0,0,0,0,180.94,0,0,0,0,0,0,0,0,0,0,0,0,0,0,0,120.63,0,0,0,0,0,0,0,0,0,0,0,0,241.25,0,0,2171.29,0,0,0
2512-T,1,0,0,18.55,6.18,414.35,0,12.37,0,0,0,0,6.18,24.74,6.18,0,0,0,0,235,0,24.74,0,6.18,12.37,0,0,0,0,0,0,0,0,0,0,686.46,0,0,0,37.11,0,0,0,0,6.18,0,6.18,0,290.66,0,0,828.7,74.21,0,0
2513-T,1,0,0,0,0,1809.41,0,0,0,0,0,0,0,0,0,0,0,0,0,0,0,0,0,0,0,0,0,0,0,0,0,0,0,0,0,241.25,0,0,0,0,0,0,0,0,0,0,0,0,663.45,0,0,60.31,120.63,0,0
2514-T,1,0,0,0,0,663.45,0,241.25,0,0,0,0,0,542.82,0,0,0,0,0,0,0,0,0,0,0,120.63,603.14,0,0,0,0,0,0,0,0,7177.32,0,0,0,0,0,0,0,0,0,0,1809.41,0,1387.21,0,301.57,1507.84,241.25,0,0
2600-T,1,0,0,0,0,2050.66,0,0,0,0,0,0,0,0,0,0,0,0,0,663.45,0,0,0,0,0,0,0,0,0,0,0,0,0,0,0,1869.72,0,0,0,0,0,0,0,0,0,0,0,0,844.39,0,0,422.2,301.57,0,0
2616-T,1,0,0,0,0,1809.41,0,0,0,0,0,0,0,0,0,0,0,0,0,3377.56,0,0,0,0,0,0,0,0,0,0,0,0,0,0,0,120.63,0,0,0,0,0,0,0,0,0,0,0,0,0,0,0,0,603.14,0,0
2618-T,1,0,0,0,0,2714.11,0,0,0,0,0,0,0,0,0,0,0,0,0,6815.44,0,0,0,0,0,0,0,0,0,0,0,0,0,0,0,241.25,0,0,0,0,0,0,0,60.31,0,0,120.63,0,361.88,0,0,60.31,1930.04,0,0
2619-T,1,0,0,0,0,784.08,0,0,0,0,0,0,0,0,0,0,0,0,0,2050.66,0,0,0,0,60.31,0,0,0,0,0,0,0,0,0,0,120.63,0,0,0,0,0,0,0,0,0,0,0,0,60.31,0,0,0,0,0,0
302-D0,0,0,0,0,0,301.57,0,0,0,0,0,0,0,0,0,0,0,0,0,0,0,0,0,0,0,0,0,0,0,0,0,0,0,0,0,784.08,0,0,0,2834.74,0,0,0,0,0,0,10554.89,0,2472.86,0,0,141375.15,0,0,0
302-D1,0,0,0,0,0,0,0,0,0,0,0,0,0,0,0,0,0,0,0,0,0,0,0,0,0,0,0,0,0,0,0,0,0,0,0,1372.14,0,0,0,4960.8,0,0,0,0,0,0,18471.05,0,4327.5,0,0,247406.52,0,0,0
302-D2,0,0,0,0,0,0,0,0,0,0,0,0,0,0,0,0,0,0,0,0,0,0,0,0,0,0,0,0,0,0,0,0,0,0,0,0,0,0,0,2126.06,0,0,0,0,0,0,7916.16,0,1854.64,0,0,106031.36,0,0,0
302-D3,0,0,0,0,0,0,0,0,0,0,0,0,0,0,0,0,0,0,0,0,0,0,0,0,0,0,0,0,0,0,0,0,0,0,0,392.04,0,0,0,1417.37,0,0,0,0,0,0,0,0,1236.43,0,0,70687.58,0,0,0
303-T,1,0,0,0,0,0,0,0,0,0,0,0,0,0,0,0,0,0,0,0,0,0,0,0,0,0,0,0,0,0,0,0,0,0,0,60.31,0,0,0,0,0,0,0,0,0,0,2110.98,0,542.82,0,0,98250.91,0,0,0
304-T,1,0,0,0,0,0,0,0,120.63,0,0,0,0,0,0,0,0,0,0,180.94,0,0,0,0,784.08,2533.17,0,0,0,0,0,663.45,0,0,241.25,3739.45,0,0,0,0,0,0,0,241.25,0,0,180.94,0,361.88,0,0,663.45,0,0,0
305-D0,0,0,0,0,0,0,0,0,0,0,0,0,0,0,0,0,0,0,0,0,0,0,0,0,542.82,0,0,60.31,0,0,0,1266.59,0,0,0,542.82,0,60.31,0,180.94,0,0,0,31483.72,0,0,60.31,120.63,422.2,0,60.31,1025.33,0,0,0
305-D1,0,0,0,0,0,0,0,0,0,0,0,0,0,0,0,0,0,0,0,0,0,0,0,0,542.82,0,0,60.31,0,0,0,0,0,0,0,949.94,0,105.55,0,316.65,0,0,0,55096.5,0,0,105.55,211.1,738.84,0,105.55,1794.33,0,0,0
305-D2,0,0,0,0,0,0,0,0,0,0,0,0,0,0,0,0,0,0,0,0,0,0,0,0,0,0,0,30.16,0,0,0,633.29,0,0,0,0,0,45.24,0,135.71,0,0,0,23612.79,0,0,45.24,90.47,316.65,0,45.24,769,0,0,0
305-D3,0,0,0,0,0,0,0,0,0,0,0,0,0,0,0,0,0,0,0,0,0,0,0,0,135.71,0,0,15.08,0,0,0,316.65,0,0,0,271.41,0,0,0,0,0,0,0,15741.86,0,0,30.16,60.31,211.1,0,30.16,512.67,0,0,0
306-T,1,0,0,0,0,0,0,0,0,0,0,0,1085.65,1266.59,0,0,0,0,0,0,0,0,0,0,4342.58,11942.1,0,0,60.31,1628.47,422.2,4764.78,0,0,301.57,6875.75,60.31,180.94,0,0,0,0,0,18455.97,120.63,784.08,11218.34,60.31,2050.66,60.31,1930.04,18455.97,0,0,0
307-T,1,0,0,0,0,0,0,0,0,0,0,0,0,0,0,0,0,0,0,0,0,0,0,0,0,49.47,0,0,0,562.77,0,0,0,0,0,1026.59,0,0,0,0,0,0,0,111.32,0,0,92.76,0,1212.12,0,105.13,8175.63,0,0,0
308-D0,0,0,0,0,0,0,0,0,0,0,0,0,0,180.94,0,0,0,0,0,120.63,0,0,0,0,51568.15,2291.92,0,1507.84,2050.66,0,0,18154.4,0,0,241.25,30639.32,0,1447.53,0,0,0,0,0,0,3196.62,0,4221.95,6393.24,4041.01,0,12665.86,117310.01,0,0,0
308-D1,0,0,0,0,0,0,0,0,0,0,0,0,0,0,0,0,0,0,0,0,0,0,0,0,51568.15,2291.92,0,1507.84,2050.66,0,0,18154.4,0,0,422.2,53618.82,0,2533.17,0,0,0,0,0,0,5594.09,0,7388.42,11188.18,7071.77,0,22165.26,205292.52,0,0,0
308-D2,0,0,0,0,0,0,0,0,0,0,0,0,0,0,0,0,0,0,0,60.31,0,0,0,0,25784.08,1145.96,0,753.92,0,0,0,9077.2,0,0,180.94,22979.49,0,1085.65,0,0,0,0,0,0,2397.47,0,3166.47,4794.93,3030.76,0,0,87982.51,0,0,0
308-D3,0,0,0,0,0,0,0,0,0,0,0,0,0,0,0,0,0,0,0,0,0,0,0,0,12892.04,572.98,0,0,0,0,0,4538.6,0,0,0,15319.66,0,723.76,0,0,0,0,0,0,1598.31,0,0,3196.62,2020.51,0,6332.93,58655.01,0,0,0
309-T,1,0,0,0,0,0,0,0,0,0,0,0,0,120.63,0,0,0,0,0,60.31,0,0,0,0,0,844.39,0,0,0,0,0,0,0,0,482.51,9107.36,0,0,0,301.57,0,0,0,422.2,60.31,844.39,1447.53,0,0,0,0,5367.91,0,0,0
310-D0,0,0,0,0,0,0,0,0,0,0,361.88,0,603.14,1930.04,0,603.14,0,0,0,0,0,60.31,0,0,1990.35,1930.04,0,0,0,0,904.7,9951.75,0,0,1990.35,37092.88,60.31,4161.64,60.31,180.94,0,0,60.31,16043.43,60.31,2412.55,5729.8,2231.6,0,0,422.2,9951.75,120.63,0,0
310-D1,0,0,0,0,0,0,0,0,0,0,0,0,452.35,1447.53,0,0,0,0,0,0,0,60.31,0,0,1990.35,1930.04,0,0,0,0,904.7,9951.75,0,0,3483.11,64912.55,105.55,7282.87,105.55,316.65,0,0,105.55,28076,105.55,4221.95,10027.14,3905.31,0,0,738.84,17415.56,211.1,0,0
310-D2,0,0,0,0,0,0,0,0,0,0,90.47,0,150.78,0,0,0,0,0,0,0,0,30.16,0,0,995.17,0,0,0,0,0,452.35,4975.87,0,0,0,27819.66,45.24,3121.23,45.24,135.71,0,0,45.24,12032.57,0,1809.41,4297.35,1673.7,0,0,316.65,7463.81,90.47,0,0
310-D3,0,0,0,0,0,0,0,0,0,0,0,0,0,0,0,0,0,0,0,0,0,15.08,0,0,497.59,0,0,0,0,0,0,0,0,0,995.17,18546.44,30.16,2080.82,0,90.47,0,0,0,8021.71,30.16,0,2864.9,1115.8,0,0,211.1,4975.87,60.31,0,0
311-T,1,0,0,0,0,0,0,0,0,0,0,0,0,60.31,0,0,0,0,0,0,60.31,0,0,0,0,663.45,0,0,0,0,0,0,0,0,60.31,4221.95,0,180.94,0,0,0,0,0,24366.71,241.25,241.25,301.57,120.63,0,0,60.31,11459.59,301.57,0,0
312-T,1,0,0,0,0,0,0,0,0,0,0,0,0,6.18,0,0,0,0,0,0,0,0,0,0,18.55,43.29,0,0,0,6.18,0,0,0,0,12.37,3463.2,0,0,0,0,0,0,0,364.87,0,0,191.71,0,18.55,0,24.74,4384.66,0,0,0
313-T,1,0,0,0,0,0,0,0,0,0,0,0,0,2050.66,60.31,0,0,0,0,2533.17,0,0,0,0,10132.69,8383.59,0,0,0,0,0,60.31,0,0,0,76357.06,0,0,0,241.25,0,0,0,0,180.94,0,50904.7,0,482.51,0,3437.88,40168.88,180.94,0,0
400-T,1,0,0,0,0,0,0,0,0,0,0,0,0,0,0,0,0,0,0,0,60.31,0,0,0,60.31,120.63,0,0,0,0,0,0,0,0,0,1085.65,0,60.31,0,361.88,0,361.88,0,301.57,60.31,542.82,603.14,0,180.94,0,0,3618.82,0,0,0
401-T,1,0,0,0,0,0,0,0,0,0,0,0,0,60.31,0,0,0,0,0,0,0,0,0,0,60.31,542.82,0,0,0,0,0,0,0,0,0,723.76,0,0,0,482.51,0,0,0,0,0,60.31,0,0,482.51,0,422.2,301.57,0,0,0
402-T,1,0,0,0,0,0,0,0,0,0,0,0,0,0,0,0,0,0,0,0,0,120.63,0,0,723.76,60.31,0,0,0,0,0,0,0,0,0,1206.27,0,0,0,1628.47,0,0,0,723.76,361.88,1085.65,482.51,0,120.63,0,361.88,60.31,0,0,0
403-T,1,0,0,0,0,0,0,0,0,0,663.45,0,0,603.14,0,120.63,0,0,0,0,60.31,0,0,0,241.25,361.88,0,0,0,0,0,0,0,0,60.31,6151.99,0,361.88,0,0,0,0,0,60.31,0,301.57,60.31,0,241.25,0,60.31,1568.15,120.63,0,0
404-T,1,0,0,0,0,0,0,0,0,0,1326.9,0,180.94,60.31,0,904.7,0,0,0,0,0,0,0,0,4644.15,301.57,0,60.31,0,0,0,0,0,0,0,5186.97,0,180.94,0,2110.98,0,0,0,1628.47,0,0,241.25,542.82,1869.72,0,301.57,4282.27,60.31,0,0
405-T,1,0,0,0,0,0,0,0,0,0,1085.65,0,0,3980.7,0,0,0,0,0,0,60.31,0,0,0,1266.59,1447.53,0,0,0,0,60.31,0,0,0,0,2774.43,0,422.2,0,1206.27,0,0,0,180.94,0,784.08,422.2,361.88,0,0,784.08,2593.49,0,0,0
406-T,1,0,0,0,0,0,0,0,0,0,0,0,0,0,0,0,0,0,0,0,0,0,0,0,60.31,301.57,0,0,0,0,0,0,0,0,0,3377.56,0,120.63,0,2171.29,301.57,0,0,0,0,0,0,60.31,6453.56,0,603.14,2050.66,120.63,0,0
412-T,1,0,0,0,0,30880.58,0,0,0,0,0,0,0,0,0,0,0,0,0,12786.49,0,0,0,0,0,0,0,0,0,0,0,0,0,0,0,422.2,0,0,0,0,0,0,0,0,0,0,422.2,0,2291.92,0,0,482.51,0,0,0
503-D0,0,0,0,0,0,0,0,0,0,0,0,0,0,0,0,0,0,0,0,60.31,0,0,0,0,0,0,0,0,0,0,0,0,0,0,0,0,0,0,0,0,0,0,0,60.31,0,0,41797.35,0,2050.66,965.02,0,27261.76,0,60.31,0
503-D1,0,0,0,0,0,0,0,0,0,0,0,0,0,0,0,0,0,0,0,0,0,0,0,0,0,0,0,0,0,0,0,0,0,0,0,0,0,0,0,0,0,0,0,105.55,0,0,73145.36,0,3588.66,1688.78,0,47708.08,0,60.31,0
503-D2,0,0,0,0,0,0,0,0,0,0,0,0,0,0,0,0,0,0,0,30.16,0,0,0,0,0,0,0,0,0,0,0,0,0,0,0,0,0,0,0,0,0,0,0,45.24,0,0,0,0,1538,723.76,0,20446.32,0,0,0
503-D3,0,0,0,0,0,0,0,0,0,0,0,0,0,0,0,0,0,0,0,0,0,0,0,0,0,0,0,0,0,0,0,0,0,0,0,0,0,0,0,0,0,0,0,30.16,0,0,20898.67,0,1025.33,482.51,0,13630.88,0,0,0
504-T,1,0,0,0,0,0,0,0,0,0,0,0,0,0,0,0,0,0,0,0,0,0,0,0,0,0,0,0,0,0,0,0,0,0,0,7720.14,0,0,0,0,0,0,0,0,0,0,1085.65,0,0,0,0,32026.54,0,0,0
507-T,1,0,0,0,0,0,0,0,0,0,0,0,0,0,0,0,0,0,0,120.63,0,0,0,0,0,0,0,0,0,0,0,0,0,0,0,0,0,0,0,0,0,0,0,0,0,0,12907.12,0,0,422.2,0,14897.47,0,0,0
5100-T,1,0,0,0,0,1990.35,0,0,0,0,0,0,0,0,0,0,0,0,0,0,0,0,0,0,0,0,0,0,0,0,0,0,0,0,0,784.08,0,0,0,0,0,0,0,0,0,0,0,0,120.63,0,0,1688.78,0,0,0
5101-T,1,0,0,0,0,1507.84,0,0,0,0,0,0,0,0,0,0,0,0,0,0,0,0,0,0,0,0,0,0,0,0,0,0,0,0,0,241.25,0,0,0,0,0,0,0,0,0,0,120.63,0,60.31,0,0,1628.47,120.63,0,0
5102-T,1,0,0,0,0,538.03,0,12.37,0,0,0,0,0,24.74,12.37,0,0,0,0,68.03,0,30.92,0,0,12.37,0,0,0,0,0,0,0,0,0,0,643.17,0,0,0,6.18,0,0,0,0,6.18,0,86.58,0,74.21,0,18.55,964.75,37.11,0,0
5103-T,1,0,0,0,0,2834.74,0,0,0,0,0,0,0,0,0,0,0,0,0,0,0,0,0,0,0,0,0,0,0,0,0,0,0,0,0,904.7,0,0,0,0,0,0,0,0,0,0,663.45,0,1869.72,0,0,6212.3,0,0,0
5104-T,1,0,0,0,0,2110.98,0,0,0,0,0,0,0,0,0,0,0,0,0,0,0,60.31,0,0,0,0,0,0,0,0,0,0,0,0,0,180.94,0,0,0,0,0,0,0,0,0,0,180.94,0,60.31,0,0,60.31,904.7,0,0
5105-T,1,0,0,0,0,1749.1,0,0,0,0,0,0,0,0,0,0,0,0,0,0,0,0,0,0,0,0,0,0,0,0,0,0,0,0,0,2110.98,0,0,0,0,0,0,0,0,0,0,0,0,1266.59,0,0,1145.96,0,0,0
5106-D0,0,0,0,0,0,6574.19,0,0,0,0,0,0,0,0,0,0,0,0,0,0,0,0,0,0,0,0,0,0,0,0,0,0,0,0,0,1688.78,0,0,0,0,0,0,0,0,0,0,0,0,723.76,0,0,0,0,0,0
5106-D1,0,0,0,0,0,4930.64,0,0,0,0,0,0,0,0,0,0,0,0,0,0,0,0,0,0,0,0,0,0,0,0,0,0,0,0,0,2955.37,0,0,0,0,0,0,0,0,0,0,0,0,1266.59,0,0,0,0,0,0
5106-D2,0,0,0,0,0,0,0,0,0,0,0,0,0,0,0,0,0,0,0,0,0,0,0,0,0,0,0,0,0,0,0,0,0,0,0,1266.59,0,0,0,0,0,0,0,0,0,0,0,0,542.82,0,0,0,0,0,0
5106-D3,0,0,0,0,0,0,0,0,0,0,0,0,0,0,0,0,0,0,0,0,0,0,0,0,0,0,0,0,0,0,0,0,0,0,0,844.39,0,0,0,0,0,0,0,0,0,0,0,0,361.88,0,0,0,0,0,0
5107-T,1,0,0,0,0,3283.86,0,0,0,6.18,0,0,0,0,0,0,0,0,0,476.19,0,0,0,0,0,0,0,136.05,0,0,0,0,0,0,0,828.7,0,49.47,0,117.5,0,0,0,6.18,0,0,197.9,18.55,1360.54,0,111.32,160.79,1397.65,0,6.18
5108-T,1,0,0,0,0,173.16,0,0,0,0,0,0,0,0,0,0,0,0,0,37.11,0,0,0,0,0,0,0,0,0,0,0,0,0,0,0,606.06,0,0,0,0,0,0,0,0,0,0,6.18,0,395.79,0,0,160.79,0,0,0
5109-D0,0,0,0,0,0,180.94,0,241.25,0,0,0,0,0,60.31,0,0,0,0,0,180.94,0,301.57,0,0,0,60.31,0,0,0,0,0,0,0,0,0,10615.2,0,0,0,0,0,0,0,0,0,60.31,2412.55,0,1507.84,0,0,9891.44,542.82,0,0
5109-D1,0,0,0,0,0,135.71,0,0,0,0,0,0,0,45.24,0,0,0,0,0,180.94,0,301.57,0,0,0,60.31,0,0,0,0,0,0,0,0,0,18576.6,0,0,0,0,0,0,0,0,0,105.55,4221.95,0,2638.72,0,0,17310.01,949.94,0,0
5109-D2,0,0,0,0,0,45.24,0,0,0,0,0,0,0,0,0,0,0,0,0,0,0,150.78,0,0,0,30.16,0,0,0,0,0,0,0,0,0,7961.4,0,0,0,0,0,0,0,0,0,45.24,1809.41,0,0,0,0,7418.58,407.12,0,0
5109-D3,0,0,0,0,0,0,0,0,0,0,0,0,0,0,0,0,0,0,0,0,0,75.39,0,0,0,0,0,0,0,0,0,0,0,0,0,5307.6,0,0,0,0,0,0,0,0,0,30.16,0,0,753.92,0,0,4945.72,271.41,0,0
5110-T,1,0,0,0,0,482.51,0,0,0,0,0,0,0,0,0,0,0,0,0,904.7,0,0,0,0,0,0,0,0,0,0,0,0,0,0,0,301.57,0,0,0,0,0,0,0,0,0,0,603.14,0,60.31,0,0,120.63,241.25,0,0
5112-T,1,0,0,0,0,1025.33,0,0,0,0,0,0,0,0,0,0,0,0,0,0,0,0,0,0,0,0,0,0,0,0,0,0,0,0,0,482.51,0,0,0,0,0,0,0,0,0,0,0,0,120.63,0,0,1628.47,904.7,0,0
5113-T,1,0,0,0,0,204.08,0,0,0,0,0,0,0,0,0,0,0,0,0,61.84,0,0,0,0,0,6.18,0,0,0,0,0,0,0,0,0,890.54,0,0,0,0,0,0,0,0,0,0,0,0,43.29,0,0,0,86.58,0,0
5114-T,1,0,0,0,0,9107.36,0,0,0,0,0,0,0,0,0,0,0,0,0,2050.66,0,180.94,0,0,0,0,0,0,0,0,0,0,0,0,0,15018.09,0,0,0,422.2,0,0,0,0,0,0,542.82,0,7297.95,0,1387.21,5669.48,1809.41,0,0
601-T,1,0,0,0,0,0,0,60.31,0,0,0,0,0,0,0,0,0,0,0,0,0,0,0,0,0,120.63,0,0,0,0,0,0,0,0,0,1809.41,0,0,0,0,0,0,0,0,0,0,0,0,180.94,0,60.31,301.57,0,0,0
602-T,1,0,0,0,0,0,0,0,0,0,0,0,0,301.57,0,0,0,0,0,0,0,60.31,0,0,2110.98,0,0,0,0,0,0,120.63,0,0,0,14475.27,0,241.25,0,1145.96,0,0,0,1930.04,60.31,0,2412.55,0,904.7,0,904.7,6996.38,0,0,0
604-T,1,0,0,0,0,1206.27,0,0,0,0,0,0,0,0,0,0,0,0,0,784.08,0,0,0,0,0,0,0,0,0,0,0,0,0,0,0,60.31,0,0,0,0,0,0,0,60.31,0,0,120.63,0,0,0,0,60.31,120.63,0,0
610-D0,0,0,0,0,0,1568.15,0,0,0,0,0,0,0,0,0,0,0,0,0,0,0,0,0,0,0,0,0,0,0,0,0,0,0,0,0,965.02,0,0,0,0,0,0,0,0,0,0,60.31,0,361.88,0,0,663.45,180.94,0,0
610-D1,0,0,0,0,0,0,0,0,0,0,0,0,0,0,0,0,0,0,0,0,0,0,0,0,0,0,0,0,0,0,0,0,0,0,0,1688.78,0,0,0,0,0,0,0,0,0,0,105.55,0,633.29,0,0,1161.04,316.65,0,0
610-D2,0,0,0,0,0,0,0,0,0,0,0,0,0,0,0,0,0,0,0,0,0,0,0,0,0,0,0,0,0,0,0,0,0,0,0,723.76,0,0,0,0,0,0,0,0,0,0,45.24,0,271.41,0,0,497.59,0,0,0
610-D3,0,0,0,0,0,0,0,0,0,0,0,0,0,0,0,0,0,0,0,0,0,0,0,0,0,0,0,0,0,0,0,0,0,0,0,482.51,0,0,0,0,0,0,0,0,0,0,30.16,0,0,0,0,331.72,90.47,0,0
611-T,1,0,0,0,0,3076,0,0,0,0,0,0,0,0,0,0,0,0,0,1266.59,0,0,0,0,0,0,0,0,0,0,0,0,0,0,0,422.2,0,0,0,0,0,0,0,0,0,0,0,0,663.45,0,663.45,241.25,301.57,0,0
612-T,1,0,0,0,0,603.14,0,0,0,0,0,0,0,0,0,0,0,0,0,0,0,0,0,0,0,0,0,0,0,0,0,0,0,0,0,7297.95,0,0,0,0,0,0,0,0,0,0,60.31,0,60.31,0,0,2533.17,0,0,0
613-T,1,0,0,0,0,2774.43,0,0,0,0,0,0,0,0,0,0,0,0,0,0,0,0,0,0,0,0,0,0,0,0,0,0,0,0,0,5850.42,0,0,0,60.31,0,0,0,0,0,0,361.88,0,422.2,0,422.2,2291.92,0,0,0
615-T,1,0,0,0,0,422.2,0,0,0,0,0,0,0,0,0,0,0,0,0,301.57,0,60.31,0,0,0,120.63,0,0,0,0,0,0,0,0,120.63,16827.5,0,120.63,0,60.31,0,0,0,0,0,0,5910.74,482.51,1145.96,0,4583.84,2593.49,0,0,0
616-T,1,0,0,0,0,20868.52,0,0,0,0,0,0,0,0,0,0,0,0,0,1749.1,0,0,0,0,0,0,0,60.31,0,0,0,0,0,0,0,11700.84,0,0,0,180.94,0,0,0,0,0,0,4282.27,60.31,1990.35,0,120.63,4583.84,4704.46,0,0
700-D0,0,0,0,0,0,2352.23,0,0,0,0,0,0,0,0,0,0,0,0,0,361.88,0,0,0,0,0,0,0,0,0,0,0,0,0,0,0,120.63,0,0,0,0,0,0,0,0,0,0,0,0,603.14,0,0,60.31,361.88,0,0
700-D1,0,0,0,0,0,0,0,0,0,0,0,0,0,0,0,0,0,0,0,361.88,0,0,0,0,0,0,0,0,0,0,0,0,0,0,0,211.1,0,0,0,0,0,0,0,0,0,0,0,0,1055.49,0,0,105.55,633.29,0,0
700-D2,0,0,0,0,0,0,0,0,0,0,0,0,0,0,0,0,0,0,0,180.94,0,0,0,0,0,0,0,0,0,0,0,0,0,0,0,90.47,0,0,0,0,0,0,0,0,0,0,0,0,452.35,0,0,45.24,271.41,0,0
700-D3,0,0,0,0,0,0,0,0,0,0,0,0,0,0,0,0,0,0,0,0,0,0,0,0,0,0,0,0,0,0,0,0,0,0,0,60.31,0,0,0,0,0,0,0,0,0,0,0,0,301.57,0,0,0,180.94,0,0
701-T,1,0,0,0,0,0,0,0,0,0,0,0,0,0,0,0,0,0,0,361.88,0,0,0,0,0,0,0,0,0,0,0,1387.21,0,0,0,2472.86,0,0,0,0,0,0,0,0,0,0,5066.35,0,3256.94,0,180.94,14837.15,120.63,180.94,0
702-D0,0,0,0,0,0,0,0,0,0,0,0,0,0,0,0,0,0,0,0,784.08,0,0,0,0,0,0,0,0,0,0,0,0,0,0,0,1507.84,0,60.31,0,0,0,0,0,0,0,0,1869.72,0,904.7,0,60.31,5488.54,0,0,0
702-D1,0,0,0,0,0,0,0,0,0,0,0,0,0,0,0,0,0,0,0,0,0,0,0,0,0,0,0,0,0,0,0,0,0,0,0,2638.72,0,105.55,0,0,0,0,0,0,0,0,3272.01,0,1583.23,0,105.55,9604.95,0,0,0
702-D2,0,0,0,0,0,0,0,0,0,0,0,0,0,0,0,0,0,0,0,392.04,0,0,0,0,0,0,0,0,0,0,0,0,0,0,0,1130.88,0,45.24,0,0,0,0,0,0,0,0,0,0,678.53,0,45.24,4116.41,0,0,0
702-D3,0,0,0,0,0,0,0,0,0,0,0,0,0,0,0,0,0,0,0,0,0,0,0,0,0,0,0,0,0,0,0,0,0,0,0,753.92,0,30.16,0,0,0,0,0,0,0,0,934.86,0,452.35,0,30.16,0,0,0,0
703-T,1,0,0,0,0,0,0,0,0,0,0,0,0,0,0,0,0,0,0,3076,0,0,0,0,0,0,0,0,0,0,0,0,0,0,0,0,0,0,0,0,0,0,0,0,0,0,0,0,120.63,0,0,60.31,0,0,0
704-T,1,0,0,0,0,0,0,0,0,0,0,0,0,0,0,0,0,0,0,0,0,0,0,0,0,0,0,0,0,0,0,0,0,0,0,180.94,0,0,0,0,0,0,0,0,0,0,0,0,361.88,0,0,180.94,180.94,0,0
705-T,1,0,0,0,0,5428.23,0,0,0,0,0,0,0,0,0,0,0,0,0,0,0,0,0,0,0,0,0,0,0,0,0,0,0,0,0,422.2,0,0,0,0,0,0,0,0,0,0,0,0,0,0,0,1809.41,1266.59,0,0
706-T,1,0,0,0,0,1507.84,0,0,0,0,0,0,0,0,0,0,0,0,0,180.94,0,0,0,0,0,0,0,0,0,0,0,0,0,0,0,301.57,0,0,0,0,0,0,0,0,0,0,0,0,0,0,0,482.51,1206.27,0,0
707-D0,0,0,0,0,0,0,0,0,0,0,0,0,0,0,0,0,0,0,0,60.31,0,0,0,0,0,0,0,0,0,0,0,0,0,0,0,0,0,0,0,0,0,0,0,0,0,0,0,0,60.31,0,0,60.31,60.31,0,0
707-D1,0,0,0,0,0,0,0,0,0,0,0,0,0,0,0,0,0,0,0,60.31,0,0,0,0,0,0,0,0,0,0,0,0,0,0,0,0,0,0,0,0,0,0,0,0,0,0,0,0,105.55,0,0,105.55,105.55,0,0
707-D2,0,0,0,0,0,0,0,0,0,0,0,0,0,0,0,0,0,0,0,30.16,0,0,0,0,0,0,0,0,0,0,0,0,0,0,0,0,0,0,0,0,0,0,0,0,0,0,0,0,45.24,0,0,45.24,45.24,0,0
707-D3,0,0,0,0,0,0,0,0,0,0,0,0,0,0,0,0,0,0,0,0,0,0,0,0,0,0,0,0,0,0,0,0,0,0,0,0,0,0,0,0,0,0,0,0,0,0,0,0,0,0,0,30.16,30.16,0,0
708-D0,0,0,0,0,0,5971.05,0,0,0,0,0,0,0,0,0,0,0,0,0,3860.07,0,0,0,0,0,0,0,0,0,0,0,0,0,0,0,60.31,0,0,0,0,0,0,0,0,0,0,0,0,241.25,0,0,0,1507.84,0,0
708-D1,0,0,0,0,0,0,0,0,0,0,0,0,0,0,0,0,0,0,0,3860.07,0,0,0,0,0,0,0,0,0,0,0,0,0,0,0,105.55,0,0,0,0,0,0,0,0,0,0,0,0,422.2,0,0,0,2638.72,0,0
708-D2,0,0,0,0,0,0,0,0,0,0,0,0,0,0,0,0,0,0,0,1930.04,0,0,0,0,0,0,0,0,0,0,0,0,0,0,0,45.24,0,0,0,0,0,0,0,0,0,0,0,0,180.94,0,0,0,1130.88,0,0
708-D3,0,0,0,0,0,0,0,0,0,0,0,0,0,0,0,0,0,0,0,0,0,0,0,0,0,0,0,0,0,0,0,0,0,0,0,0,0,0,0,0,0,0,0,0,0,0,0,0,120.63,0,0,0,753.92,0,0
712-T,1,0,0,0,0,0,0,0,0,0,0,0,0,0,0,0,0,0,0,1688.78,0,0,0,0,0,0,0,0,0,0,0,0,0,0,0,180.94,0,0,0,0,0,0,0,120.63,0,0,0,0,60.31,0,0,0,180.94,0,0
714-D0,0,0,0,0,0,7117.01,0,0,0,0,0,0,0,0,0,0,0,0,0,0,0,0,0,0,0,0,0,0,0,0,0,0,0,0,0,120.63,0,0,0,0,0,0,0,0,0,0,0,0,0,0,0,1990.35,0,0,0
714-D1,0,0,0,0,0,5337.76,0,0,0,0,0,0,0,0,0,0,0,0,0,0,0,0,0,0,0,0,0,0,0,0,0,0,0,0,0,211.1,0,0,0,0,0,0,0,0,0,0,0,0,0,0,0,3483.11,0,0,0
714-D2,0,0,0,0,0,0,0,0,0,0,0,0,0,0,0,0,0,0,0,0,0,0,0,0,0,0,0,0,0,0,0,0,0,0,0,90.47,0,0,0,0,0,0,0,0,0,0,0,0,0,0,0,1492.76,0,0,0
714-D3,0,0,0,0,0,0,0,0,0,0,0,0,0,0,0,0,0,0,0,0,0,0,0,0,0,0,0,0,0,0,0,0,0,0,0,60.31,0,0,0,0,0,0,0,0,0,0,0,0,0,0,0,995.17,0,0,0
716-T,1,0,0,0,0,0,0,0,0,0,0,0,0,0,0,0,0,0,0,120.63,0,0,0,0,0,0,0,0,0,0,0,0,0,0,0,422.2,0,0,0,0,0,0,0,0,0,0,0,0,120.63,120.63,0,1749.1,0,0,0
